Name	Version	License
@babel/code-frame	7.8.3	MIT
@babel/code-frame	7.5.5	MIT
@babel/compat-data	7.8.6	MIT
@babel/core	7.8.4	MIT
@babel/core	7.8.7	MIT
@babel/generator	7.8.8	MIT
@babel/helper-annotate-as-pure	7.8.3	MIT
@babel/helper-builder-binary-assignment-operator-visitor	7.8.3	MIT
@babel/helper-builder-react-jsx	7.8.3	MIT
@babel/helper-call-delegate	7.8.7	MIT
@babel/helper-compilation-targets	7.8.7	MIT
@babel/helper-create-class-features-plugin	7.8.6	MIT
@babel/helper-create-regexp-features-plugin	7.8.8	MIT
@babel/helper-define-map	7.8.3	MIT
@babel/helper-explode-assignable-expression	7.8.3	MIT
@babel/helper-function-name	7.8.3	MIT
@babel/helper-get-function-arity	7.8.3	MIT
@babel/helper-hoist-variables	7.8.3	MIT
@babel/helper-member-expression-to-functions	7.8.3	MIT
@babel/helper-module-imports	7.8.3	MIT
@babel/helper-module-transforms	7.8.6	MIT
@babel/helper-optimise-call-expression	7.8.3	MIT
@babel/helper-plugin-utils	7.8.3	MIT
@babel/helper-regex	7.8.3	MIT
@babel/helper-remap-async-to-generator	7.8.3	MIT
@babel/helper-replace-supers	7.8.6	MIT
@babel/helper-simple-access	7.8.3	MIT
@babel/helper-split-export-declaration	7.8.3	MIT
@babel/helper-wrap-function	7.8.3	MIT
@babel/helpers	7.8.4	MIT
@babel/highlight	7.8.3	MIT
@babel/parser	7.8.8	MIT
@babel/plugin-proposal-async-generator-functions	7.8.3	MIT
@babel/plugin-proposal-class-properties	7.8.3	MIT
@babel/plugin-proposal-decorators	7.8.3	MIT
@babel/plugin-proposal-dynamic-import	7.8.3	MIT
@babel/plugin-proposal-json-strings	7.8.3	MIT
@babel/plugin-proposal-nullish-coalescing-operator	7.8.3	MIT
@babel/plugin-proposal-numeric-separator	7.8.3	MIT
@babel/plugin-proposal-object-rest-spread	7.8.3	MIT
@babel/plugin-proposal-optional-catch-binding	7.8.3	MIT
@babel/plugin-proposal-optional-chaining	7.8.3	MIT
@babel/plugin-proposal-unicode-property-regex	7.8.8	MIT
@babel/plugin-syntax-async-generators	7.8.4	MIT
@babel/plugin-syntax-decorators	7.8.3	MIT
@babel/plugin-syntax-dynamic-import	7.8.3	MIT
@babel/plugin-syntax-flow	7.8.3	MIT
@babel/plugin-syntax-json-strings	7.8.3	MIT
@babel/plugin-syntax-jsx	7.8.3	MIT
@babel/plugin-syntax-nullish-coalescing-operator	7.8.3	MIT
@babel/plugin-syntax-numeric-separator	7.8.3	MIT
@babel/plugin-syntax-object-rest-spread	7.8.3	MIT
@babel/plugin-syntax-optional-catch-binding	7.8.3	MIT
@babel/plugin-syntax-optional-chaining	7.8.3	MIT
@babel/plugin-syntax-top-level-await	7.8.3	MIT
@babel/plugin-syntax-typescript	7.8.3	MIT
@babel/plugin-transform-arrow-functions	7.8.3	MIT
@babel/plugin-transform-async-to-generator	7.8.3	MIT
@babel/plugin-transform-block-scoped-functions	7.8.3	MIT
@babel/plugin-transform-block-scoping	7.8.3	MIT
@babel/plugin-transform-classes	7.8.6	MIT
@babel/plugin-transform-computed-properties	7.8.3	MIT
@babel/plugin-transform-destructuring	7.8.8	MIT
@babel/plugin-transform-dotall-regex	7.8.3	MIT
@babel/plugin-transform-duplicate-keys	7.8.3	MIT
@babel/plugin-transform-exponentiation-operator	7.8.3	MIT
@babel/plugin-transform-flow-strip-types	7.8.3	MIT
@babel/plugin-transform-for-of	7.8.6	MIT
@babel/plugin-transform-function-name	7.8.3	MIT
@babel/plugin-transform-literals	7.8.3	MIT
@babel/plugin-transform-member-expression-literals	7.8.3	MIT
@babel/plugin-transform-modules-amd	7.8.3	MIT
@babel/plugin-transform-modules-commonjs	7.8.3	MIT
@babel/plugin-transform-modules-systemjs	7.8.3	MIT
@babel/plugin-transform-modules-umd	7.8.3	MIT
@babel/plugin-transform-named-capturing-groups-regex	7.8.3	MIT
@babel/plugin-transform-new-target	7.8.3	MIT
@babel/plugin-transform-object-super	7.8.3	MIT
@babel/plugin-transform-parameters	7.8.8	MIT
@babel/plugin-transform-property-literals	7.8.3	MIT
@babel/plugin-transform-react-constant-elements	7.8.3	MIT
@babel/plugin-transform-react-display-name	7.8.3	MIT
@babel/plugin-transform-react-jsx	7.8.3	MIT
@babel/plugin-transform-react-jsx-self	7.8.3	MIT
@babel/plugin-transform-react-jsx-source	7.8.3	MIT
@babel/plugin-transform-regenerator	7.8.7	MIT
@babel/plugin-transform-reserved-words	7.8.3	MIT
@babel/plugin-transform-runtime	7.8.3	MIT
@babel/plugin-transform-shorthand-properties	7.8.3	MIT
@babel/plugin-transform-spread	7.8.3	MIT
@babel/plugin-transform-sticky-regex	7.8.3	MIT
@babel/plugin-transform-template-literals	7.8.3	MIT
@babel/plugin-transform-typeof-symbol	7.8.4	MIT
@babel/plugin-transform-typescript	7.8.7	MIT
@babel/plugin-transform-unicode-regex	7.8.3	MIT
@babel/preset-env	7.8.7	MIT
@babel/preset-env	7.8.4	MIT
@babel/preset-react	7.8.3	MIT
@babel/preset-typescript	7.8.3	MIT
@babel/runtime	7.8.7	MIT
@babel/runtime	7.8.4	MIT
@babel/runtime-corejs3	7.8.7	MIT
@babel/template	7.8.6	MIT
@babel/traverse	7.8.6	MIT
@babel/types	7.8.7	MIT
@cypress/listr-verbose-renderer	0.4.1	MIT
@cypress/xvfb	1.2.4	MIT
@jest/console	24.9.0	MIT
@jest/core	24.9.0	MIT
@jest/environment	24.9.0	MIT
@jest/fake-timers	24.9.0	MIT
@jest/reporters	24.9.0	MIT
@jest/source-map	24.9.0	MIT
@jest/test-result	24.9.0	MIT
@jest/test-sequencer	24.9.0	MIT
@jest/transform	24.9.0	MIT
@jest/types	24.9.0	MIT
@jest/types	25.1.0	MIT
@mrmlnc/readdir-enhanced	2.2.1	MIT
@nodelib/fs.stat	1.1.3	MIT
@samverschueren/stream-to-observable	0.3.0	MIT
@svgr/babel-plugin-add-jsx-attribute	4.2.0	MIT
@svgr/babel-plugin-remove-jsx-attribute	4.2.0	MIT
@svgr/babel-plugin-remove-jsx-empty-expression	4.2.0	MIT
@svgr/babel-plugin-replace-jsx-attribute-value	4.2.0	MIT
@svgr/babel-plugin-svg-dynamic-title	4.3.3	MIT
@svgr/babel-plugin-svg-em-dimensions	4.2.0	MIT
@svgr/babel-plugin-transform-react-native-svg	4.2.0	MIT
@svgr/babel-plugin-transform-svg-component	4.2.0	MIT
@svgr/babel-preset	4.3.3	MIT
@svgr/core	4.3.3	MIT
@svgr/hast-util-to-babel-ast	4.3.2	MIT
@svgr/plugin-jsx	4.3.3	MIT
@svgr/plugin-svgo	4.3.1	MIT
@svgr/webpack	4.3.3	MIT
@testing-library/dom	7.0.3	MIT
@testing-library/jest-dom	5.1.1	MIT
@testing-library/react	10.0.1	MIT
@types/anymatch	1.3.1	MIT
@types/babel__core	7.1.6	MIT
@types/babel__generator	7.6.1	MIT
@types/babel__template	7.0.2	MIT
@types/babel__traverse	7.0.9	MIT
@types/clone	0.1.30	MIT
@types/color-name	1.1.1	MIT
@types/eslint-visitor-keys	1.0.0	MIT
@types/events	3.0.0	MIT
@types/fast-json-stable-stringify	2.0.0	MIT
@types/glob	7.1.1	MIT
@types/istanbul-lib-coverage	2.0.1	MIT
@types/istanbul-lib-report	3.0.0	MIT
@types/istanbul-reports	1.1.1	MIT
@types/jest	25.1.4	MIT
@types/json-schema	7.0.4	MIT
@types/minimatch	3.0.3	MIT
@types/node	13.9.1	MIT
@types/parse-json	4.0.0	MIT
@types/prop-types	15.7.3	MIT
@types/q	1.5.2	MIT
@types/react	16.9.23	MIT
@types/react-dom	16.9.5	MIT
@types/sizzle	2.3.2	MIT
@types/source-list-map	0.1.2	MIT
@types/stack-utils	1.0.1	MIT
@types/tapable	1.0.5	MIT
@types/testing-library__dom	6.14.0	MIT
@types/testing-library__jest-dom	5.0.2	MIT
@types/testing-library__react	9.1.3	MIT
@types/uglify-js	3.0.4	MIT
@types/unist	2.0.3	MIT
@types/webpack	4.41.7	MIT
@types/webpack-sources	0.1.6	MIT
@types/yargs	13.0.8	MIT
@types/yargs	15.0.4	MIT
@types/yargs-parser	15.0.0	MIT
@typescript-eslint/eslint-plugin	2.23.0	MIT
@typescript-eslint/experimental-utils	2.23.0	MIT
@vxna/mini-html-webpack-template	1.0.0	MIT
@webassemblyjs/ast	1.8.5	MIT
@webassemblyjs/floating-point-hex-parser	1.8.5	MIT
@webassemblyjs/helper-api-error	1.8.5	MIT
@webassemblyjs/helper-buffer	1.8.5	MIT
@webassemblyjs/helper-code-frame	1.8.5	MIT
@webassemblyjs/helper-module-context	1.8.5	MIT
@webassemblyjs/helper-wasm-bytecode	1.8.5	MIT
@webassemblyjs/helper-wasm-section	1.8.5	MIT
@webassemblyjs/ieee754	1.8.5	MIT
@webassemblyjs/leb128	1.8.5	MIT
@webassemblyjs/utf8	1.8.5	MIT
@webassemblyjs/wasm-edit	1.8.5	MIT
@webassemblyjs/wasm-gen	1.8.5	MIT
@webassemblyjs/wasm-opt	1.8.5	MIT
@webassemblyjs/wasm-parser	1.8.5	MIT
@webassemblyjs/wast-parser	1.8.5	MIT
@webassemblyjs/wast-printer	1.8.5	MIT
accepts	1.3.7	MIT
acorn	6.4.1	MIT
acorn	7.1.1	MIT
acorn	5.7.4	MIT
acorn-dynamic-import	4.0.0	MIT
acorn-globals	4.3.4	MIT
acorn-jsx	5.2.0	MIT
acorn-walk	6.2.0	MIT
address	1.1.2	MIT
adjust-sourcemap-loader	2.0.0	MIT
aggregate-error	3.0.1	MIT
ajv	6.12.0	MIT
ajv-errors	1.0.1	MIT
ajv-keywords	3.4.1	MIT
alphanum-sort	1.0.2	MIT
ansi-colors	3.2.4	MIT
ansi-escapes	4.3.1	MIT
ansi-escapes	3.2.0	MIT
ansi-regex	4.1.0	MIT
ansi-regex	5.0.0	MIT
ansi-regex	2.1.1	MIT
ansi-regex	3.0.0	MIT
ansi-styles	3.2.1	MIT
ansi-styles	4.2.1	MIT
ansi-styles	2.2.1	MIT
any-observable	0.3.0	MIT
arch	2.1.1	MIT
argparse	1.0.10	MIT
arity-n	1.0.4	MIT
arr-diff	4.0.0	MIT
arr-flatten	1.1.0	MIT
arr-union	3.1.0	MIT
array-equal	1.0.0	MIT
array-flatten	2.1.2	MIT
array-flatten	1.1.1	MIT
array-includes	3.1.1	MIT
array-union	1.0.2	MIT
array-uniq	1.0.3	MIT
array-unique	0.3.2	MIT
array.prototype.flat	1.2.3	MIT
arrify	1.0.1	MIT
asap	2.0.6	MIT
asn1	0.2.4	MIT
asn1.js	4.10.1	MIT
assert	1.4.1	MIT
assert	1.5.0	MIT
assert-plus	1.0.0	MIT
assign-symbols	1.0.0	MIT
ast-types	0.13.2	MIT
ast-types	0.7.8	MIT
astral-regex	1.0.0	MIT
async	2.6.3	MIT
async	3.2.0	MIT
async-each	1.0.3	MIT
async-limiter	1.0.1	MIT
asynckit	0.4.0	MIT
autoprefixer	9.7.4	MIT
aws4	1.9.1	MIT
babel-code-frame	6.26.0	MIT
babel-eslint	10.0.3	MIT
babel-extract-comments	1.0.0	MIT
babel-jest	24.9.0	MIT
babel-loader	8.0.6	MIT
babel-plugin-dynamic-import-node	2.3.0	MIT
babel-plugin-jest-hoist	24.9.0	MIT
babel-plugin-macros	2.8.0	MIT
babel-plugin-named-asset-import	0.3.6	MIT
babel-plugin-syntax-object-rest-spread	6.13.0	MIT
babel-plugin-transform-object-rest-spread	6.26.0	MIT
babel-plugin-transform-react-remove-prop-types	0.4.24	MIT
babel-preset-jest	24.9.0	MIT
babel-preset-react-app	9.1.1	MIT
babel-runtime	6.26.0	MIT
babylon	6.18.0	MIT
bail	1.0.5	MIT
balanced-match	1.0.0	MIT
base	0.11.2	MIT
base64-arraybuffer	0.2.0	MIT
base64-js	1.3.1	MIT
batch	0.6.1	MIT
big.js	5.2.2	MIT
binary-extensions	1.13.1	MIT
binary-extensions	2.0.0	MIT
bindings	1.5.0	MIT
bluebird	3.7.2	MIT
bn.js	4.11.8	MIT
body-parser	1.19.0	MIT
bonjour	3.5.0	MIT
brace	0.11.1	MIT
brace-expansion	1.1.11	MIT
braces	2.3.2	MIT
braces	3.0.2	MIT
brorand	1.1.0	MIT
browser-resolve	1.11.3	MIT
browserify-aes	1.2.0	MIT
browserify-cipher	1.0.1	MIT
browserify-des	1.0.2	MIT
browserify-rsa	4.0.1	MIT
browserify-zlib	0.2.0	MIT
browserslist	4.9.1	MIT
browserslist	4.8.6	MIT
browserslist	4.7.0	MIT
buble	0.19.8	MIT
buffer	4.9.2	MIT
buffer-crc32	0.2.13	MIT
buffer-from	1.1.1	MIT
buffer-indexof	1.1.1	MIT
buffer-xor	1.0.3	MIT
builtin-status-codes	3.0.0	MIT
bytes	3.0.0	MIT
bytes	3.1.0	MIT
cache-base	1.0.1	MIT
cachedir	2.3.0	MIT
call-me-maybe	1.0.1	MIT
caller-callsite	2.0.0	MIT
caller-path	2.0.0	MIT
callsites	3.1.0	MIT
callsites	2.0.0	MIT
camel-case	4.1.1	MIT
camelcase	5.3.1	MIT
camelcase	5.0.0	MIT
caniuse-api	3.0.0	MIT
case-sensitive-paths-webpack-plugin	2.3.0	MIT
ccount	1.0.5	MIT
chalk	2.4.2	MIT
chalk	3.0.0	MIT
chalk	1.1.3	MIT
character-entities	1.2.4	MIT
character-entities-html4	1.1.4	MIT
character-entities-legacy	1.1.4	MIT
character-reference-invalid	1.1.4	MIT
chardet	0.7.0	MIT
check-more-types	2.24.0	MIT
chokidar	2.1.8	MIT
chokidar	3.3.1	MIT
chrome-trace-event	1.0.2	MIT
ci-info	2.0.0	MIT
cipher-base	1.0.4	MIT
class-utils	0.3.6	MIT
classnames	2.2.6	MIT
clean-css	4.2.3	MIT
clean-stack	2.2.0	MIT
clean-webpack-plugin	3.0.0	MIT
cli-cursor	3.1.0	MIT
cli-cursor	1.0.2	MIT
cli-cursor	2.1.0	MIT
cli-spinners	2.2.0	MIT
cli-truncate	0.2.1	MIT
clipboard	2.0.6	MIT
clipboard-copy	3.1.0	MIT
clone	2.1.2	MIT
clone	1.0.4	MIT
clone-deep	4.0.1	MIT
clone-deep	0.2.4	MIT
clsx	1.1.0	MIT
co	4.6.0	MIT
coa	2.0.2	MIT
code-point-at	1.1.0	MIT
collapse-white-space	1.0.6	MIT
collection-visit	1.0.0	MIT
color	3.1.2	MIT
color-convert	1.9.3	MIT
color-convert	2.0.1	MIT
color-name	1.1.3	MIT
color-name	1.1.4	MIT
color-string	1.5.3	MIT
combined-stream	1.0.8	MIT
commander	2.20.3	MIT
commander	4.1.1	MIT
commander	4.1.0	MIT
commander	2.1.0	MIT
common-dir	3.0.0	MIT
common-sequence	2.0.0	MIT
common-tags	1.8.0	MIT
commondir	1.0.1	MIT
component-emitter	1.3.0	MIT
compose-function	3.0.3	MIT
compressible	2.0.18	MIT
compression	1.7.4	MIT
concat-map	0.0.1	MIT
concat-stream	1.6.2	MIT
confusing-browser-globals	1.0.9	MIT
connect-history-api-fallback	1.6.0	MIT
console-browserify	1.2.0	MIT
constants-browserify	1.0.0	MIT
contains-path	0.1.0	MIT
content-disposition	0.5.3	MIT
content-type	1.0.4	MIT
convert-source-map	1.7.0	MIT
convert-source-map	0.3.5	MIT
cookie	0.4.0	MIT
cookie-signature	1.0.6	MIT
copy-descriptor	0.1.1	MIT
copy-webpack-plugin	5.1.1	MIT
core-js	1.2.7	MIT
core-js	3.6.4	MIT
core-js	2.6.11	MIT
core-js-compat	3.6.4	MIT
core-js-pure	3.6.4	MIT
core-util-is	1.0.2	MIT
cosmiconfig	5.2.1	MIT
cosmiconfig	6.0.0	MIT
create-ecdh	4.0.3	MIT
create-hash	1.2.0	MIT
create-hmac	1.1.7	MIT
create-react-class	15.6.3	MIT
cross-fetch	3.0.4	MIT
cross-spawn	6.0.5	MIT
cross-spawn	7.0.1	MIT
crypto-browserify	3.12.0	MIT
css	2.2.4	MIT
css-color-names	0.0.4	MIT
css-declaration-sorter	4.0.1	MIT
css-line-break	1.1.1	MIT
css-loader	3.4.2	MIT
css-select-base-adapter	0.1.1	MIT
css-tree	1.0.0-alpha.37	MIT
css.escape	1.5.1	MIT
cssesc	3.0.0	MIT
cssesc	2.0.0	MIT
cssnano	4.1.10	MIT
cssnano-preset-default	4.0.7	MIT
cssnano-util-get-arguments	4.0.0	MIT
cssnano-util-get-match	4.0.0	MIT
cssnano-util-raw-cache	4.0.1	MIT
cssnano-util-same-parent	4.0.1	MIT
csso	4.0.2	MIT
cssom	0.3.8	MIT
cssstyle	1.4.0	MIT
csstype	2.6.9	MIT
cyclist	1.0.1	MIT
cypress	4.1.0	MIT
dashdash	1.14.1	MIT
data-urls	1.1.0	MIT
date-fns	1.30.1	MIT
debug	4.1.1	MIT
debug	2.6.9	MIT
debug	3.2.6	MIT
decamelize	1.2.0	MIT
decode-uri-component	0.2.0	MIT
deep-diff	0.3.8	MIT
deep-equal	1.1.1	MIT
deep-is	0.1.3	MIT
defaults	1.0.3	MIT
define-properties	1.1.3	MIT
define-property	2.0.2	MIT
define-property	1.0.0	MIT
define-property	0.2.5	MIT
del	4.1.1	MIT
delayed-stream	1.0.0	MIT
delegate	3.2.0	MIT
depd	1.1.2	MIT
des.js	1.0.1	MIT
destroy	1.0.4	MIT
detect-newline	2.1.0	MIT
detect-port-alt	1.1.6	MIT
diff-sequences	24.9.0	MIT
diff-sequences	25.1.0	MIT
diffie-hellman	5.0.3	MIT
dir-glob	2.0.0	MIT
dir-glob	2.2.2	MIT
dns-equal	1.0.0	MIT
dns-packet	1.3.1	MIT
dns-txt	2.0.2	MIT
dom-accessibility-api	0.3.0	MIT
dom-converter	0.2.0	MIT
dom-helpers	5.1.3	MIT
dom-serializer	0.2.2	MIT
domain-browser	1.2.0	MIT
domexception	1.0.1	MIT
dot-case	3.0.3	MIT
dot-prop	5.2.0	MIT
duplexer	0.1.1	MIT
duplexify	3.7.1	MIT
ecc-jsbn	0.1.2	MIT
ee-first	1.1.1	MIT
elegant-spinner	1.0.1	MIT
elliptic	6.5.2	MIT
emoji-regex	7.0.3	MIT
emoji-regex	8.0.0	MIT
emoji-regex	6.1.1	MIT
emojis-list	3.0.0	MIT
emojis-list	2.1.0	MIT
encodeurl	1.0.2	MIT
encoding	0.1.12	MIT
end-of-stream	1.4.4	MIT
enhanced-resolve	4.1.1	MIT
errno	0.1.7	MIT
error-ex	1.3.2	MIT
es-abstract	1.17.4	MIT
es-to-primitive	1.2.1	MIT
es6-iterator	2.0.3	MIT
es6-object-assign	1.1.0	MIT
es6-promise	4.2.8	MIT
escape-html	1.0.3	MIT
escape-string-regexp	2.0.0	MIT
escape-string-regexp	1.0.5	MIT
eslint	6.8.0	MIT
eslint-config-airbnb	18.1.0	MIT
eslint-config-airbnb-base	14.1.0	MIT
eslint-config-react-app	5.2.0	MIT
eslint-import-resolver-node	0.3.3	MIT
eslint-loader	3.0.3	MIT
eslint-module-utils	2.5.2	MIT
eslint-plugin-import	2.20.0	MIT
eslint-plugin-jsx-a11y	6.2.3	MIT
eslint-plugin-only-warn	1.0.2	MIT
eslint-plugin-react	7.18.0	MIT
eslint-plugin-react-hooks	1.7.0	MIT
eslint-utils	1.4.3	MIT
estree-walker	0.9.0	MIT
etag	1.8.1	MIT
eventemitter2	4.1.2	MIT
eventemitter3	4.0.0	MIT
events	3.1.0	MIT
eventsource	1.0.7	MIT
evp_bytestokey	1.0.3	MIT
exec-sh	0.3.4	MIT
execa	1.0.0	MIT
executable	4.1.1	MIT
exit	0.1.2	MIT
exit-hook	1.1.1	MIT
expand-brackets	2.1.4	MIT
expect	24.9.0	MIT
express	4.17.1	MIT
extend	3.0.2	MIT
extend-shallow	3.0.2	MIT
extend-shallow	2.0.1	MIT
external-editor	3.1.0	MIT
extglob	2.0.4	MIT
extsprintf	1.3.0	MIT
extsprintf	1.4.0	MIT
fast-deep-equal	3.1.1	MIT
fast-glob	2.2.7	MIT
fast-json-patch	3.0.0-1	MIT
fast-json-stable-stringify	2.1.0	MIT
fast-levenshtein	2.0.6	MIT
fast-memoize	2.5.2	MIT
faye-websocket	0.10.0	MIT
fbjs	0.8.17	MIT
fd-slicer	1.1.0	MIT
fd-slicer	1.0.1	MIT
fetch-mock	9.1.2	MIT
figures	3.2.0	MIT
figures	1.7.0	MIT
figures	2.0.0	MIT
file-entry-cache	5.0.1	MIT
file-loader	4.3.0	MIT
file-saver	2.0.2	MIT
file-uri-to-path	1.0.0	MIT
fill-range	4.0.0	MIT
fill-range	7.0.1	MIT
finalhandler	1.1.2	MIT
find-cache-dir	2.1.0	MIT
find-cache-dir	3.3.1	MIT
find-cache-dir	0.1.1	MIT
find-up	4.1.0	MIT
find-up	3.0.0	MIT
find-up	2.1.0	MIT
find-up	1.1.2	MIT
findup	0.1.5	MIT
flat-cache	2.0.1	MIT
flatten	1.0.3	MIT
flush-write-stream	1.1.1	MIT
follow-redirects	1.10.0	MIT
for-in	1.0.2	MIT
for-in	0.1.8	MIT
for-own	0.1.5	MIT
fork-ts-checker-webpack-plugin	3.1.1	MIT
fork-ts-checker-webpack-plugin	1.5.0	MIT
form-data	2.3.3	MIT
forwarded	0.1.2	MIT
fragment-cache	0.2.1	MIT
fresh	0.5.2	MIT
from2	2.3.0	MIT
fs-extra	8.1.0	MIT
fs-extra	7.0.1	MIT
fs-extra	4.0.3	MIT
function-bind	1.1.1	MIT
function.name-polyfill	1.0.6	MIT
functional-red-black-tree	1.0.1	MIT
gensync	1.0.0-beta.1	MIT
get-stream	4.1.0	MIT
get-value	2.0.6	MIT
getos	3.1.4	MIT
getpass	0.1.7	MIT
global-dirs	0.1.1	MIT
global-modules	2.0.0	MIT
global-prefix	3.0.0	MIT
globals	12.4.0	MIT
globals	11.12.0	MIT
globby	8.0.2	MIT
globby	6.1.0	MIT
globby	7.1.1	MIT
glogg	1.0.2	MIT
good-listener	1.2.2	MIT
growly	1.3.0	MIT
gud	1.0.0	MIT
gzip-size	5.1.1	MIT
handle-thing	2.0.0	MIT
har-validator	5.1.3	MIT
has	1.0.3	MIT
has-ansi	2.0.0	MIT
has-flag	3.0.0	MIT
has-flag	4.0.0	MIT
has-symbols	1.0.1	MIT
has-value	1.0.0	MIT
has-value	0.3.1	MIT
has-values	1.0.0	MIT
has-values	0.1.4	MIT
hash-base	3.0.4	MIT
hash-sum	2.0.0	MIT
hash.js	1.1.7	MIT
he	1.2.0	MIT
hex-color-regex	1.1.0	MIT
history	4.10.1	MIT
hmac-drbg	1.0.1	MIT
hpack.js	2.1.6	MIT
hsl-regex	1.0.0	MIT
hsla-regex	1.0.0	MIT
html-comment-regex	1.1.2	MIT
html-encoding-sniffer	1.0.2	MIT
html-entities	1.2.1	MIT
html-escaper	2.0.0	MIT
html-minifier-terser	5.0.4	MIT
html-webpack-plugin	4.0.0-beta.11	MIT
html2canvas	1.0.0-rc.5	MIT
htmlparser2	3.10.1	MIT
http-deceiver	1.2.7	MIT
http-errors	1.6.3	MIT
http-errors	1.7.2	MIT
http-errors	1.7.3	MIT
http-parser-js	0.4.10	MIT
http-proxy	1.18.0	MIT
http-proxy-middleware	0.19.1	MIT
http-signature	1.2.0	MIT
https-browserify	1.0.0	MIT
iconv-lite	0.4.24	MIT
identity-obj-proxy	3.0.0	MIT
iferr	0.1.5	MIT
ignore	4.0.6	MIT
ignore	3.3.10	MIT
immer	1.10.0	MIT
import-cwd	2.1.0	MIT
import-fresh	3.2.1	MIT
import-fresh	2.0.0	MIT
import-from	2.1.0	MIT
import-local	2.0.0	MIT
imurmurhash	0.1.4	MIT
indent-string	4.0.0	MIT
indent-string	3.2.0	MIT
indexes-of	1.0.1	MIT
inquirer	7.1.0	MIT
inquirer	7.0.4	MIT
inquirer	6.5.0	MIT
internal-ip	4.3.0	MIT
invariant	2.2.4	MIT
invert-kv	2.0.0	MIT
ip	1.1.5	MIT
ip-regex	2.1.0	MIT
ipaddr.js	1.9.1	MIT
is-absolute-url	3.0.3	MIT
is-absolute-url	2.1.0	MIT
is-accessor-descriptor	1.0.0	MIT
is-accessor-descriptor	0.1.6	MIT
is-alphabetical	1.0.4	MIT
is-alphanumeric	1.0.0	MIT
is-alphanumerical	1.0.4	MIT
is-arguments	1.0.4	MIT
is-arrayish	0.2.1	MIT
is-arrayish	0.3.2	MIT
is-binary-path	1.0.1	MIT
is-binary-path	2.1.0	MIT
is-buffer	1.1.6	MIT
is-buffer	2.0.4	MIT
is-callable	1.1.5	MIT
is-ci	2.0.0	MIT
is-color-stop	1.1.0	MIT
is-data-descriptor	1.0.0	MIT
is-data-descriptor	0.1.4	MIT
is-date-object	1.0.2	MIT
is-decimal	1.0.4	MIT
is-descriptor	1.0.2	MIT
is-descriptor	0.1.6	MIT
is-directory	0.3.1	MIT
is-docker	2.0.0	MIT
is-extendable	1.0.1	MIT
is-extendable	0.1.1	MIT
is-extglob	2.1.1	MIT
is-fullwidth-code-point	3.0.0	MIT
is-fullwidth-code-point	2.0.0	MIT
is-fullwidth-code-point	1.0.0	MIT
is-generator-fn	2.1.0	MIT
is-glob	4.0.1	MIT
is-glob	3.1.0	MIT
is-hexadecimal	1.0.4	MIT
is-in-browser	1.1.3	MIT
is-installed-globally	0.1.0	MIT
is-interactive	1.0.0	MIT
is-number	3.0.0	MIT
is-number	7.0.0	MIT
is-obj	1.0.1	MIT
is-obj	2.0.0	MIT
is-observable	1.1.0	MIT
is-path-cwd	2.2.0	MIT
is-path-in-cwd	2.1.0	MIT
is-path-inside	2.1.0	MIT
is-path-inside	1.0.1	MIT
is-plain-obj	1.1.0	MIT
is-plain-obj	2.1.0	MIT
is-plain-object	2.0.4	MIT
is-promise	2.1.0	MIT
is-regex	1.0.5	MIT
is-regexp	1.0.0	MIT
is-root	2.1.0	MIT
is-stream	1.1.0	MIT
is-string	1.0.5	MIT
is-subset	0.1.1	MIT
is-svg	3.0.0	MIT
is-symbol	1.0.3	MIT
is-typedarray	1.0.0	MIT
is-whitespace-character	1.0.4	MIT
is-windows	1.0.2	MIT
is-word-character	1.0.4	MIT
is-wsl	2.1.1	MIT
is-wsl	1.1.0	MIT
isarray	0.0.1	MIT
isarray	1.0.0	MIT
isobject	3.0.1	MIT
isobject	2.1.0	MIT
isomorphic-fetch	2.2.1	MIT
isstream	0.1.2	MIT
javascript-stringify	2.0.1	MIT
jest	24.9.0	MIT
jest-changed-files	24.9.0	MIT
jest-cli	24.9.0	MIT
jest-config	24.9.0	MIT
jest-diff	24.9.0	MIT
jest-diff	25.1.0	MIT
jest-docblock	24.9.0	MIT
jest-each	24.9.0	MIT
jest-environment-jsdom	24.9.0	MIT
jest-environment-jsdom-fourteen	1.0.1	MIT
jest-environment-node	24.9.0	MIT
jest-fetch-mock	3.0.3	MIT
jest-get-type	24.9.0	MIT
jest-get-type	25.1.0	MIT
jest-haste-map	24.9.0	MIT
jest-jasmine2	24.9.0	MIT
jest-leak-detector	24.9.0	MIT
jest-matcher-utils	24.9.0	MIT
jest-matcher-utils	25.1.0	MIT
jest-message-util	24.9.0	MIT
jest-mock	24.9.0	MIT
jest-pnp-resolver	1.2.1	MIT
jest-regex-util	24.9.0	MIT
jest-resolve	24.9.0	MIT
jest-resolve-dependencies	24.9.0	MIT
jest-runner	24.9.0	MIT
jest-runtime	24.9.0	MIT
jest-serializer	24.9.0	MIT
jest-snapshot	24.9.0	MIT
jest-util	24.9.0	MIT
jest-validate	24.9.0	MIT
jest-watch-typeahead	0.4.2	MIT
jest-watcher	24.9.0	MIT
jest-websocket-mock	2.0.2	MIT
jest-worker	25.1.0	MIT
jest-worker	24.9.0	MIT
js-tokens	4.0.0	MIT
js-tokens	3.0.2	MIT
js-yaml	3.13.1	MIT
jsbn	0.1.1	MIT
jsdom	14.1.0	MIT
jsdom	11.12.0	MIT
jsesc	2.5.2	MIT
jsesc	0.5.0	MIT
json-parse-better-errors	1.0.2	MIT
json-schema-traverse	0.4.1	MIT
json-stable-stringify	1.0.1	MIT
json-stable-stringify-without-jsonify	1.0.1	MIT
json-stringify-pretty-compact	2.0.0	MIT
json3	3.3.3	MIT
json5	2.1.1	MIT
json5	1.0.1	MIT
jsonfile	4.0.0	MIT
jsprim	1.4.1	MIT
jss	10.0.4	MIT
jss-plugin-camel-case	10.0.4	MIT
jss-plugin-compose	10.0.4	MIT
jss-plugin-default-unit	10.0.4	MIT
jss-plugin-global	10.0.4	MIT
jss-plugin-isolate	10.0.4	MIT
jss-plugin-nested	10.0.4	MIT
jsx-ast-utils	2.2.3	MIT
kind-of	6.0.3	MIT
kind-of	3.2.2	MIT
kind-of	2.0.1	MIT
kind-of	5.1.0	MIT
kind-of	4.0.0	MIT
kleur	3.0.3	MIT
last-call-webpack-plugin	3.0.0	MIT
lazy-ass	1.6.0	MIT
lazy-cache	1.0.4	MIT
lazy-cache	0.2.7	MIT
lcid	2.0.0	MIT
leven	3.1.0	MIT
levenary	1.1.1	MIT
levn	0.3.0	MIT
lines-and-columns	1.1.6	MIT
listify	1.0.0	MIT
listr	0.14.3	MIT
listr-silent-renderer	1.1.1	MIT
listr-update-renderer	0.5.0	MIT
listr-verbose-renderer	0.5.0	MIT
load-json-file	2.0.0	MIT
load-json-file	4.0.0	MIT
loader-fs-cache	1.0.2	MIT
loader-runner	2.4.0	MIT
loader-utils	1.4.0	MIT
loader-utils	1.2.3	MIT
locate-path	5.0.0	MIT
locate-path	3.0.0	MIT
locate-path	2.0.0	MIT
lodash	4.17.15	MIT
lodash._reinterpolate	3.0.0	MIT
lodash.get	4.4.2	MIT
lodash.isequal	4.5.0	MIT
lodash.memoize	4.1.2	MIT
lodash.once	4.1.1	MIT
lodash.sortby	4.7.0	MIT
lodash.template	4.5.0	MIT
lodash.templatesettings	4.2.0	MIT
lodash.uniq	4.5.0	MIT
log-symbols	3.0.0	MIT
log-symbols	1.0.2	MIT
log-update	2.3.0	MIT
loglevel	1.6.7	MIT
longest-streak	2.0.4	MIT
loose-envify	1.4.0	MIT
lower-case	2.0.1	MIT
lowercase-keys	2.0.0	MIT
magic-string	0.25.7	MIT
make-dir	2.1.0	MIT
make-dir	3.0.2	MIT
mamacro	0.0.3	MIT
map-age-cleaner	0.1.3	MIT
map-cache	0.2.2	MIT
map-visit	1.0.0	MIT
markdown-escapes	1.0.4	MIT
markdown-table	1.1.3	MIT
markdown-to-jsx	6.11.0	MIT
md5.js	1.3.5	MIT
mdast-util-compact	1.0.4	MIT
media-typer	0.3.0	MIT
mem	4.3.0	MIT
memory-fs	0.4.1	MIT
memory-fs	0.5.0	MIT
merge-deep	3.0.2	MIT
merge-descriptors	1.0.1	MIT
merge-stream	2.0.0	MIT
merge2	1.3.0	MIT
methods	1.1.2	MIT
microevent.ts	0.1.1	MIT
micromatch	3.1.10	MIT
miller-rabin	4.0.1	MIT
mime	2.4.4	MIT
mime	1.6.0	MIT
mime-db	1.43.0	MIT
mime-types	2.1.26	MIT
mimic-fn	2.1.0	MIT
mimic-fn	1.2.0	MIT
min-indent	1.0.0	MIT
mini-create-react-context	0.3.2	MIT
mini-css-extract-plugin	0.9.0	MIT
mini-html-webpack-plugin	2.2.1	MIT
minimalistic-crypto-utils	1.0.1	MIT
minimist	1.2.5	MIT
minimist	0.0.8	MIT
minimist	1.2.0	MIT
mixin-deep	1.3.2	MIT
mixin-object	2.0.1	MIT
mkdirp	0.5.1	MIT
mock-socket	9.0.3	MIT
moment	2.24.0	MIT
mri	1.1.4	MIT
ms	2.1.2	MIT
ms	2.0.0	MIT
ms	2.1.1	MIT
multicast-dns	6.2.3	MIT
multicast-dns-service-types	1.1.0	MIT
nan	2.14.0	MIT
nanomatch	1.2.13	MIT
natural-compare	1.4.0	MIT
negotiator	0.6.2	MIT
neo-async	2.6.1	MIT
next-tick	1.0.0	MIT
nice-try	1.0.5	MIT
no-case	3.0.3	MIT
node-dir	0.1.17	MIT
node-fetch	1.7.3	MIT
node-fetch	2.6.0	MIT
node-int64	0.4.0	MIT
node-libs-browser	2.2.1	MIT
node-modules-regexp	1.0.0	MIT
node-notifier	5.4.3	MIT
node-releases	1.1.52	MIT
normalize-path	3.0.0	MIT
normalize-path	2.1.1	MIT
normalize-range	0.1.2	MIT
normalize-url	1.9.1	MIT
normalize-url	3.3.0	MIT
npm-run-path	2.0.2	MIT
num2fraction	1.2.2	MIT
number-is-nan	1.0.1	MIT
nwsapi	2.2.0	MIT
object-assign	4.1.1	MIT
object-assign	3.0.0	MIT
object-copy	0.1.0	MIT
object-hash	2.0.3	MIT
object-inspect	1.7.0	MIT
object-is	1.0.2	MIT
object-keys	1.1.1	MIT
object-path	0.11.4	MIT
object-visit	1.0.1	MIT
object.assign	4.1.0	MIT
object.entries	1.1.1	MIT
object.fromentries	2.0.2	MIT
object.getownpropertydescriptors	2.1.0	MIT
object.pick	1.3.0	MIT
object.values	1.1.1	MIT
obuf	1.1.2	MIT
on-finished	2.3.0	MIT
on-headers	1.0.2	MIT
onetime	5.1.0	MIT
onetime	1.1.0	MIT
onetime	2.0.1	MIT
open	7.0.3	MIT
open	6.4.0	MIT
opn	5.5.0	MIT
optimize-css-assets-webpack-plugin	5.0.3	MIT
optionator	0.8.3	MIT
ora	4.0.3	MIT
original	1.0.2	MIT
os-browserify	0.3.0	MIT
os-homedir	2.0.0	MIT
os-locale	3.1.0	MIT
os-tmpdir	1.0.2	MIT
ospath	1.2.2	MIT
p-defer	1.0.0	MIT
p-each-series	1.0.0	MIT
p-finally	1.0.0	MIT
p-is-promise	2.1.0	MIT
p-limit	2.2.2	MIT
p-limit	1.3.0	MIT
p-locate	4.1.0	MIT
p-locate	3.0.0	MIT
p-locate	2.0.0	MIT
p-map	3.0.0	MIT
p-map	2.1.0	MIT
p-reduce	1.0.0	MIT
p-retry	3.0.1	MIT
p-try	2.2.0	MIT
p-try	1.0.0	MIT
parallel-transform	1.2.0	MIT
param-case	3.0.3	MIT
parent-module	1.0.1	MIT
parse-entities	1.2.2	MIT
parse-json	4.0.0	MIT
parse-json	5.0.0	MIT
parse-json	2.2.0	MIT
parse5	5.1.0	MIT
parse5	4.0.0	MIT
parseurl	1.3.3	MIT
pascal-case	3.1.1	MIT
pascalcase	0.1.1	MIT
path-browserify	0.0.1	MIT
path-dirname	1.0.2	MIT
path-exists	4.0.0	MIT
path-exists	3.0.0	MIT
path-exists	2.1.0	MIT
path-is-absolute	1.0.1	MIT
path-key	2.0.1	MIT
path-key	3.1.1	MIT
path-parse	1.0.6	MIT
path-to-regexp	1.8.0	MIT
path-to-regexp	0.1.7	MIT
path-to-regexp	2.4.0	MIT
path-type	4.0.0	MIT
path-type	2.0.0	MIT
path-type	3.0.0	MIT
pbkdf2	3.0.17	MIT
pend	1.2.0	MIT
performance-now	2.1.0	MIT
picomatch	2.2.1	MIT
pify	4.0.1	MIT
pify	3.0.0	MIT
pify	2.3.0	MIT
pinkie	2.0.4	MIT
pinkie-promise	2.0.1	MIT
pirates	4.0.1	MIT
pkg-dir	3.0.0	MIT
pkg-dir	2.0.0	MIT
pkg-dir	4.2.0	MIT
pkg-dir	1.0.0	MIT
pkg-up	3.1.0	MIT
pkg-up	2.0.0	MIT
pn	1.1.0	MIT
pnp-webpack-plugin	1.6.0	MIT
portfinder	1.0.25	MIT
posix-character-classes	0.1.1	MIT
postcss	7.0.27	MIT
postcss	7.0.21	MIT
postcss-attribute-case-insensitive	4.0.2	MIT
postcss-calc	7.0.2	MIT
postcss-color-hex-alpha	5.0.3	MIT
postcss-color-rebeccapurple	4.0.1	MIT
postcss-colormin	4.0.3	MIT
postcss-convert-values	4.0.1	MIT
postcss-custom-media	7.0.8	MIT
postcss-custom-properties	8.0.11	MIT
postcss-custom-selectors	5.1.2	MIT
postcss-discard-comments	4.0.2	MIT
postcss-discard-duplicates	4.0.2	MIT
postcss-discard-empty	4.0.1	MIT
postcss-discard-overridden	4.0.1	MIT
postcss-flexbugs-fixes	4.1.0	MIT
postcss-font-variant	4.0.0	MIT
postcss-initial	3.0.2	MIT
postcss-load-config	2.1.0	MIT
postcss-loader	3.0.0	MIT
postcss-media-minmax	4.0.0	MIT
postcss-merge-longhand	4.0.11	MIT
postcss-merge-rules	4.0.3	MIT
postcss-minify-font-values	4.0.2	MIT
postcss-minify-gradients	4.0.2	MIT
postcss-minify-params	4.0.2	MIT
postcss-minify-selectors	4.0.2	MIT
postcss-modules-local-by-default	3.0.2	MIT
postcss-normalize-charset	4.0.1	MIT
postcss-normalize-display-values	4.0.2	MIT
postcss-normalize-positions	4.0.2	MIT
postcss-normalize-repeat-style	4.0.2	MIT
postcss-normalize-string	4.0.2	MIT
postcss-normalize-timing-functions	4.0.2	MIT
postcss-normalize-unicode	4.0.1	MIT
postcss-normalize-url	4.0.1	MIT
postcss-normalize-whitespace	4.0.2	MIT
postcss-ordered-values	4.1.2	MIT
postcss-page-break	2.0.0	MIT
postcss-reduce-initial	4.0.3	MIT
postcss-reduce-transforms	4.0.2	MIT
postcss-replace-overflow-wrap	3.0.0	MIT
postcss-safe-parser	4.0.1	MIT
postcss-selector-matches	4.0.0	MIT
postcss-selector-not	4.0.0	MIT
postcss-selector-parser	6.0.2	MIT
postcss-selector-parser	5.0.0	MIT
postcss-selector-parser	3.1.2	MIT
postcss-svgo	4.0.2	MIT
postcss-unique-selectors	4.0.1	MIT
postcss-value-parser	4.0.3	MIT
postcss-value-parser	3.3.1	MIT
postcss-values-parser	2.0.1	MIT
prelude-ls	1.1.2	MIT
prepend-http	1.0.4	MIT
pretty-bytes	5.3.0	MIT
pretty-error	2.1.1	MIT
pretty-format	24.9.0	MIT
pretty-format	25.1.0	MIT
prismjs	1.19.0	MIT
private	0.1.8	MIT
process	0.11.10	MIT
process-nextick-args	2.0.1	MIT
progress	2.0.3	MIT
promise	7.3.1	MIT
promise	8.1.0	MIT
promise-polyfill	8.1.3	MIT
prompts	2.3.1	MIT
prop-types	15.7.2	MIT
proxy-addr	2.0.6	MIT
prr	1.0.1	MIT
psl	1.7.0	MIT
public-encrypt	4.0.3	MIT
pump	3.0.0	MIT
pump	2.0.1	MIT
pumpify	1.5.1	MIT
punycode	2.1.1	MIT
punycode	1.4.1	MIT
punycode	1.3.2	MIT
q	1.5.1	MIT
q-i	2.0.1	MIT
qss	2.0.3	MIT
query-string	4.3.4	MIT
querystring	0.2.0	MIT
querystring-es3	0.2.1	MIT
querystringify	2.1.1	MIT
raf	3.4.1	MIT
ramda	0.26.1	MIT
randombytes	2.1.0	MIT
randomfill	1.0.4	MIT
range-parser	1.2.1	MIT
raw-body	2.4.0	MIT
re-resizable	6.2.0	MIT
react	16.13.0	MIT
react-ace	8.0.0	MIT
react-app-polyfill	1.0.6	MIT
react-datetime	2.16.3	MIT
react-dev-utils	10.2.0	MIT
react-dev-utils	9.1.0	MIT
react-docgen	5.3.0	MIT
react-docgen-annotation-resolver	2.0.0	MIT
react-docgen-displayname-handler	3.0.0	MIT
react-dom	16.13.0	MIT
react-draggable	4.2.0	MIT
react-dropdown	1.7.0	MIT
react-error-overlay	6.0.6	MIT
react-grid-layout	0.18.2	MIT
react-group	3.0.2	MIT
react-icons	3.9.0	MIT
react-is	16.13.0	MIT
react-json-pretty	2.2.0	MIT
react-lifecycles-compat	3.0.4	MIT
react-modal	3.11.2	MIT
react-onclickoutside	6.9.0	MIT
react-redux	7.2.0	MIT
react-resizable	1.10.1	MIT
react-rnd	10.1.6	MIT
react-router	5.1.2	MIT
react-router-dom	5.1.2	MIT
react-scripts	3.4.0	MIT
react-simple-code-editor	0.10.0	MIT
react-styleguidist	11.0.1	MIT
react-toastify	5.5.0	MIT
react-uid	2.2.0	MIT
read-pkg	2.0.0	MIT
read-pkg	3.0.0	MIT
read-pkg-up	2.0.0	MIT
read-pkg-up	4.0.0	MIT
readable-stream	2.3.7	MIT
readable-stream	3.6.0	MIT
readdirp	2.2.1	MIT
readdirp	3.3.0	MIT
realpath-native	1.1.0	MIT
recast	0.18.7	MIT
recursive-readdir	2.2.2	MIT
redent	3.0.0	MIT
redux	4.0.5	MIT
redux-logger	3.0.6	MIT
redux-thunk	2.3.0	MIT
redux-undo	1.0.1	MIT
regenerate	1.4.0	MIT
regenerate-unicode-properties	8.2.0	MIT
regenerator-runtime	0.13.5	MIT
regenerator-runtime	0.11.1	MIT
regenerator-transform	0.14.3	MIT
regex-not	1.0.2	MIT
regex-parser	2.2.10	MIT
regexp.prototype.flags	1.3.0	MIT
regexpp	3.0.0	MIT
regexpp	2.0.1	MIT
regexpu-core	4.7.0	MIT
regjsgen	0.5.1	MIT
relateurl	0.2.7	MIT
remark	11.0.2	MIT
remark-parse	7.0.2	MIT
remark-stringify	7.0.4	MIT
renderkid	2.0.3	MIT
repeat-element	1.1.3	MIT
repeat-string	1.6.1	MIT
replace-ext	1.0.0	MIT
request-progress	3.0.0	MIT
require-directory	2.1.1	MIT
requires-port	1.0.0	MIT
resolve	1.15.0	MIT
resolve	1.15.1	MIT
resolve	1.1.7	MIT
resolve-cwd	2.0.0	MIT
resolve-from	4.0.0	MIT
resolve-from	3.0.0	MIT
resolve-pathname	3.0.0	MIT
resolve-url	0.2.1	MIT
resolve-url-loader	3.1.1	MIT
restore-cursor	3.1.0	MIT
restore-cursor	1.0.1	MIT
restore-cursor	2.0.0	MIT
ret	0.1.15	MIT
retry	0.12.0	MIT
rework	1.0.1	MIT
rework-visit	1.0.0	MIT
rfdc	1.1.4	MIT
rgb-regex	1.0.1	MIT
rgba-regex	1.0.0	MIT
ripemd160	2.0.2	MIT
rsvp	4.8.5	MIT
run-async	2.4.0	MIT
safe-buffer	5.1.2	MIT
safe-buffer	5.2.0	MIT
safe-regex	1.1.0	MIT
safer-buffer	2.1.2	MIT
sane	4.1.0	MIT
sass-loader	8.0.2	MIT
scheduler	0.19.0	MIT
schema-utils	2.6.5	MIT
schema-utils	1.0.0	MIT
select	1.1.2	MIT
select-hose	2.0.0	MIT
selfsigned	1.10.7	MIT
send	0.17.1	MIT
serve-index	1.9.1	MIT
serve-static	1.14.1	MIT
set-value	2.0.1	MIT
setimmediate	1.0.5	MIT
shallow-clone	3.0.1	MIT
shallow-clone	0.1.2	MIT
shebang-command	1.2.0	MIT
shebang-command	2.0.0	MIT
shebang-regex	1.0.0	MIT
shebang-regex	3.0.0	MIT
shell-quote	1.7.2	MIT
shellwords	0.1.1	MIT
simple-swizzle	0.2.2	MIT
sisteransi	1.0.4	MIT
slash	2.0.0	MIT
slash	3.0.0	MIT
slash	1.0.0	MIT
slice-ansi	2.1.0	MIT
slice-ansi	0.0.4	MIT
snapdragon	0.8.2	MIT
snapdragon-node	2.1.1	MIT
snapdragon-util	3.0.1	MIT
sockjs	0.3.19	MIT
sockjs-client	1.4.0	MIT
sort-keys	1.1.2	MIT
source-list-map	2.0.1	MIT
source-map-resolve	0.5.3	MIT
source-map-support	0.5.16	MIT
source-map-url	0.4.0	MIT
sourcemap-codec	1.4.8	MIT
sparkles	1.0.1	MIT
spdx-expression-parse	3.0.0	MIT
spdy	4.0.1	MIT
spdy-transport	3.0.0	MIT
split-string	3.1.0	MIT
sshpk	1.16.1	MIT
stable	0.1.8	MIT
stack-utils	1.0.2	MIT
state-toggle	1.0.3	MIT
static-extend	0.1.2	MIT
statuses	1.5.0	MIT
stream-browserify	2.0.2	MIT
stream-each	1.2.3	MIT
stream-http	2.8.3	MIT
stream-shift	1.0.1	MIT
strict-uri-encode	1.1.0	MIT
string_decoder	1.3.0	MIT
string_decoder	1.1.1	MIT
string-length	3.1.0	MIT
string-length	2.0.0	MIT
string-width	4.2.0	MIT
string-width	3.1.0	MIT
string-width	2.1.1	MIT
string-width	1.0.2	MIT
string.prototype.trimleft	2.1.1	MIT
string.prototype.trimright	2.1.1	MIT
stringify-entities	2.0.0	MIT
strip-ansi	5.2.0	MIT
strip-ansi	6.0.0	MIT
strip-ansi	3.0.1	MIT
strip-ansi	4.0.0	MIT
strip-bom	3.0.0	MIT
strip-comments	1.0.2	MIT
strip-eof	1.0.0	MIT
strip-html-comments	1.0.0	MIT
strip-indent	3.0.0	MIT
strip-json-comments	3.0.1	MIT
style-loader	0.23.1	MIT
stylehacks	4.0.3	MIT
supports-color	6.1.0	MIT
supports-color	5.5.0	MIT
supports-color	7.1.0	MIT
supports-color	2.0.0	MIT
svg-parser	2.0.4	MIT
svgo	1.3.2	MIT
symbol-observable	1.2.0	MIT
symbol-tree	3.2.4	MIT
tapable	1.1.3	MIT
terser-webpack-plugin	2.3.4	MIT
terser-webpack-plugin	1.4.3	MIT
terser-webpack-plugin	2.3.5	MIT
text-table	0.2.0	MIT
throat	4.1.0	MIT
throttleit	1.0.0	MIT
through	2.3.8	MIT
through2	2.0.5	MIT
thunky	1.1.0	MIT
timers-browserify	2.0.11	MIT
timsort	0.3.0	MIT
tiny-emitter	2.1.0	MIT
tiny-invariant	1.1.0	MIT
tiny-warning	1.0.3	MIT
tmp	0.0.33	MIT
tmp	0.1.0	MIT
to-arraybuffer	1.0.1	MIT
to-ast	1.0.0	MIT
to-fast-properties	2.0.0	MIT
to-object-path	0.3.0	MIT
to-regex	3.0.2	MIT
to-regex-range	2.1.1	MIT
to-regex-range	5.0.1	MIT
toidentifier	1.0.0	MIT
tr46	1.0.1	MIT
trim	0.0.1	MIT
trim-trailing-lines	1.1.3	MIT
trough	1.0.5	MIT
ts-pnp	1.1.5	MIT
ts-pnp	1.1.6	MIT
tsutils	3.17.1	MIT
tty-browserify	0.0.0	MIT
type-check	0.3.2	MIT
type-detect	4.0.8	MIT
type-is	1.6.18	MIT
typedarray	0.0.6	MIT
ua-parser-js	0.7.21	MIT
unherit	1.1.3	MIT
unicode-canonical-property-names-ecmascript	1.0.4	MIT
unicode-match-property-ecmascript	1.0.4	MIT
unicode-match-property-value-ecmascript	1.2.0	MIT
unicode-property-aliases-ecmascript	1.1.0	MIT
unified	8.4.2	MIT
union-value	1.0.1	MIT
uniq	1.0.1	MIT
uniqs	2.0.0	MIT
unist-util-is	4.0.2	MIT
unist-util-is	3.0.0	MIT
unist-util-remove-position	1.1.4	MIT
unist-util-stringify-position	2.0.3	MIT
unist-util-visit	2.0.2	MIT
unist-util-visit	1.4.1	MIT
unist-util-visit-parents	3.0.2	MIT
unist-util-visit-parents	2.1.2	MIT
universalify	0.1.2	MIT
unpipe	1.0.0	MIT
unquote	1.1.1	MIT
unset-value	1.0.0	MIT
untildify	4.0.0	MIT
upath	1.2.0	MIT
urix	0.1.0	MIT
url	0.11.0	MIT
url-loader	2.3.0	MIT
url-parse	1.4.7	MIT
use	3.1.1	MIT
util	0.11.1	MIT
util	0.10.3	MIT
util-deprecate	1.0.2	MIT
util.promisify	1.0.0	MIT
util.promisify	1.0.1	MIT
utila	0.4.0	MIT
utils-merge	1.0.1	MIT
uuid	3.4.0	MIT
v8-compile-cache	2.1.0	MIT
value-equal	1.0.1	MIT
vary	1.1.2	MIT
vendors	1.0.4	MIT
verror	1.10.0	MIT
vfile	4.0.3	MIT
vfile-location	2.0.6	MIT
vfile-message	2.0.3	MIT
vm-browserify	1.1.2	MIT
w3c-hr-time	1.0.2	MIT
w3c-xmlserializer	1.1.2	MIT
warning	4.0.3	MIT
watchpack	1.6.0	MIT
wbuf	1.7.3	MIT
wcwidth	1.0.1	MIT
webpack	4.41.5	MIT
webpack-dev-middleware	3.7.2	MIT
webpack-dev-server	3.10.2	MIT
webpack-dev-server	3.10.3	MIT
webpack-log	2.0.0	MIT
webpack-manifest-plugin	2.2.0	MIT
webpack-merge	4.2.2	MIT
webpack-sources	1.4.3	MIT
websocket-extensions	0.1.3	MIT
whatwg-encoding	1.0.5	MIT
whatwg-fetch	3.0.0	MIT
whatwg-mimetype	2.3.0	MIT
whatwg-url	7.1.0	MIT
whatwg-url	6.5.0	MIT
word-wrap	1.2.3	MIT
workbox-background-sync	4.3.1	MIT
workbox-broadcast-update	4.3.1	MIT
workbox-build	4.3.1	MIT
workbox-cacheable-response	4.3.1	MIT
workbox-core	4.3.1	MIT
workbox-expiration	4.3.1	MIT
workbox-google-analytics	4.3.1	MIT
workbox-navigation-preload	4.3.1	MIT
workbox-precaching	4.3.1	MIT
workbox-range-requests	4.3.1	MIT
workbox-routing	4.3.1	MIT
workbox-strategies	4.3.1	MIT
workbox-streams	4.3.1	MIT
workbox-sw	4.3.1	MIT
workbox-webpack-plugin	4.3.1	MIT
workbox-window	4.3.1	MIT
worker-farm	1.7.0	MIT
worker-rpc	0.1.1	MIT
wrap-ansi	2.1.0	MIT
wrap-ansi	5.1.0	MIT
wrap-ansi	6.2.0	MIT
wrap-ansi	3.0.1	MIT
write	1.0.3	MIT
ws	6.2.1	MIT
ws	5.2.2	MIT
xmlchars	2.2.0	MIT
xtend	4.0.2	MIT
yargs	12.0.5	MIT
yargs	13.3.0	MIT
yargs	15.3.0	MIT
yauzl	2.10.0	MIT
yauzl	2.4.1	MIT
@cnakazawa/watch	1.0.4	Apache-2.0
@xtuc/long	4.2.2	Apache-2.0
ansi-html	0.0.7	Apache-2.0
aria-query	3.0.0	Apache-2.0
aria-query	4.0.2	Apache-2.0
aws-sign2	0.7.0	Apache-2.0
axobject-query	2.1.2	Apache-2.0
bser	2.1.1	Apache-2.0
caseless	0.12.0	Apache-2.0
diff-match-patch	1.0.4	Apache-2.0
doctrine	3.0.0	Apache-2.0
doctrine	2.1.0	Apache-2.0
eslint-visitor-keys	1.1.0	Apache-2.0
faye-websocket	0.11.3	Apache-2.0
fb-watchman	2.0.1	Apache-2.0
forever-agent	0.6.1	Apache-2.0
oauth-sign	0.9.0	Apache-2.0
request	2.88.2	Apache-2.0
request	2.88.0	Apache-2.0
rxjs	6.5.4	Apache-2.0
spdx-correct	3.1.0	Apache-2.0
tslib	1.10.0	Apache-2.0
tslib	1.11.1	Apache-2.0
tunnel-agent	0.6.0	Apache-2.0
validate-npm-package-license	3.0.4	Apache-2.0
walker	1.0.7	Apache-2.0
websocket-driver	0.7.3	Apache-2.0
xml-name-validator	3.0.0	Apache-2.0
@csstools/convert-colors	1.4.0	CC0-1.0
@csstools/normalize.css	10.1.0	CC0-1.0
array-flat-polyfill	1.0.1	CC0-1.0
css-blank-pseudo	0.1.4	CC0-1.0
css-has-pseudo	0.10.0	CC0-1.0
css-prefers-color-scheme	3.1.1	CC0-1.0
cssdb	4.4.0	CC0-1.0
mdn-data	2.0.4	CC0-1.0
postcss-browser-comments	3.0.0	CC0-1.0
postcss-color-functional-notation	2.0.1	CC0-1.0
postcss-color-mod-function	3.0.3	CC0-1.0
postcss-dir-pseudo-class	5.0.0	CC0-1.0
postcss-double-position-gradients	1.0.0	CC0-1.0
postcss-env-function	2.0.2	CC0-1.0
postcss-focus-visible	4.0.0	CC0-1.0
postcss-focus-within	3.0.0	CC0-1.0
postcss-gap-properties	2.0.0	CC0-1.0
postcss-image-set-function	3.0.1	CC0-1.0
postcss-lab-function	2.0.1	CC0-1.0
postcss-logical	3.0.0	CC0-1.0
postcss-nesting	7.0.1	CC0-1.0
postcss-normalize	8.0.1	CC0-1.0
postcss-overflow-shorthand	2.0.0	CC0-1.0
postcss-place	4.0.1	CC0-1.0
postcss-preset-env	6.7.0	CC0-1.0
postcss-pseudo-class-any-link	6.0.0	CC0-1.0
sanitize.css	10.0.0	CC0-1.0
spdx-license-ids	3.0.5	CC0-1.0
@hapi/address	2.1.4	BSD-3-Clause
@hapi/bourne	1.3.2	BSD-3-Clause
@hapi/hoek	8.5.1	BSD-3-Clause
@hapi/joi	15.1.1	BSD-3-Clause
@hapi/topo	3.1.6	BSD-3-Clause
@xtuc/ieee754	1.2.0	BSD-3-Clause
abab	2.0.3	BSD-3-Clause
ace-builds	1.4.8	BSD-3-Clause
babel-plugin-istanbul	5.2.0	BSD-3-Clause
bcrypt-pbkdf	1.0.2	BSD-3-Clause
d3-array	2.4.0	BSD-3-Clause
d3-array	1.2.4	BSD-3-Clause
d3-collection	1.0.7	BSD-3-Clause
d3-color	1.4.0	BSD-3-Clause
d3-contour	1.3.2	BSD-3-Clause
d3-dispatch	1.0.6	BSD-3-Clause
d3-dsv	1.2.0	BSD-3-Clause
d3-force	2.0.1	BSD-3-Clause
d3-force	1.2.1	BSD-3-Clause
d3-format	1.4.3	BSD-3-Clause
d3-geo	1.11.9	BSD-3-Clause
d3-geo-projection	2.8.1	BSD-3-Clause
d3-hierarchy	1.1.9	BSD-3-Clause
d3-interpolate	1.4.0	BSD-3-Clause
d3-path	1.0.9	BSD-3-Clause
d3-quadtree	1.0.7	BSD-3-Clause
d3-scale	3.2.1	BSD-3-Clause
d3-scale	2.2.2	BSD-3-Clause
d3-scale-chromatic	1.5.0	BSD-3-Clause
d3-shape	1.3.7	BSD-3-Clause
d3-time	1.1.0	BSD-3-Clause
d3-time-format	2.2.3	BSD-3-Clause
d3-timer	1.0.10	BSD-3-Clause
d3-voronoi	1.1.4	BSD-3-Clause
eslint-plugin-flowtype	4.6.0	BSD-3-Clause
esquery	1.1.0	BSD-3-Clause
exenv	1.2.2	BSD-3-Clause
filesize	6.0.1	BSD-3-Clause
filesize	3.6.1	BSD-3-Clause
hoist-non-react-statics	3.3.2	BSD-3-Clause
hyphenate-style-name	1.0.3	BSD-3-Clause
ieee754	1.1.13	BSD-3-Clause
istanbul-lib-coverage	2.0.5	BSD-3-Clause
istanbul-lib-instrument	3.3.0	BSD-3-Clause
istanbul-lib-report	2.0.8	BSD-3-Clause
istanbul-lib-source-maps	3.0.6	BSD-3-Clause
istanbul-reports	2.2.7	BSD-3-Clause
makeerror	1.0.11	BSD-3-Clause
qs	6.7.0	BSD-3-Clause
qs	6.5.2	BSD-3-Clause
react-transition-group	4.3.0	BSD-3-Clause
rw	1.3.3	BSD-3-Clause
serialize-javascript	2.1.2	BSD-3-Clause
source-map	0.5.7	BSD-3-Clause
source-map	0.6.1	BSD-3-Clause
sprintf-js	1.0.3	BSD-3-Clause
table	5.4.6	BSD-3-Clause
tmpl	1.0.4	BSD-3-Clause
tough-cookie	2.5.0	BSD-3-Clause
tough-cookie	2.4.3	BSD-3-Clause
vega	5.10.0	BSD-3-Clause
vega-canvas	1.2.1	BSD-3-Clause
vega-crossfilter	4.0.1	BSD-3-Clause
vega-crossfilter	3.0.1	BSD-3-Clause
vega-dataflow	5.5.0	BSD-3-Clause
vega-dataflow	4.1.0	BSD-3-Clause
vega-embed	6.4.0	BSD-3-Clause
vega-encode	4.5.2	BSD-3-Clause
vega-encode	3.2.2	BSD-3-Clause
vega-event-selector	2.0.2	BSD-3-Clause
vega-expression	2.6.3	BSD-3-Clause
vega-force	4.0.3	BSD-3-Clause
vega-force	3.0.0	BSD-3-Clause
vega-functions	5.5.1	BSD-3-Clause
vega-geo	4.3.0	BSD-3-Clause
vega-geo	3.1.1	BSD-3-Clause
vega-hierarchy	4.0.3	BSD-3-Clause
vega-hierarchy	3.1.0	BSD-3-Clause
vega-lib	4.4.0	BSD-3-Clause
vega-lite	4.6.0	BSD-3-Clause
vega-loader	4.2.0	BSD-3-Clause
vega-loader	3.1.0	BSD-3-Clause
vega-parser	5.13.0	BSD-3-Clause
vega-parser	3.9.0	BSD-3-Clause
vega-projection	1.4.0	BSD-3-Clause
vega-regression	1.0.5	BSD-3-Clause
vega-runtime	5.0.2	BSD-3-Clause
vega-runtime	3.2.0	BSD-3-Clause
vega-scale	6.0.0	BSD-3-Clause
vega-scale	2.5.1	BSD-3-Clause
vega-scenegraph	4.6.0	BSD-3-Clause
vega-scenegraph	3.2.3	BSD-3-Clause
vega-schema-url-parser	1.1.0	BSD-3-Clause
vega-selections	5.1.0	BSD-3-Clause
vega-statistics	1.7.3	BSD-3-Clause
vega-themes	2.8.2	BSD-3-Clause
vega-time	1.0.0	BSD-3-Clause
vega-tooltip	0.20.1	BSD-3-Clause
vega-transforms	4.7.0	BSD-3-Clause
vega-transforms	2.3.1	BSD-3-Clause
vega-typings	0.14.2	BSD-3-Clause
vega-util	1.13.1	BSD-3-Clause
vega-view	5.5.0	BSD-3-Clause
vega-view	3.4.1	BSD-3-Clause
vega-view-transforms	4.5.1	BSD-3-Clause
vega-view-transforms	2.0.3	BSD-3-Clause
vega-voronoi	4.1.1	BSD-3-Clause
vega-voronoi	3.0.0	BSD-3-Clause
vega-wordcloud	4.0.4	BSD-3-Clause
vega-wordcloud	3.0.0	BSD-3-Clause
@typescript-eslint/parser	2.23.0	BSD-2-Clause
@typescript-eslint/typescript-estree	2.23.0	BSD-2-Clause
browser-process-hrtime	1.0.0	BSD-2-Clause
css-select	2.1.0	BSD-2-Clause
css-select	1.2.0	BSD-2-Clause
css-what	3.2.1	BSD-2-Clause
css-what	2.1.3	BSD-2-Clause
damerau-levenshtein	1.0.6	BSD-2-Clause
default-gateway	4.2.0	BSD-2-Clause
doctrine	1.5.0	BSD-2-Clause
domelementtype	1.3.1	BSD-2-Clause
domelementtype	2.0.1	BSD-2-Clause
domhandler	2.4.2	BSD-2-Clause
domutils	1.7.0	BSD-2-Clause
domutils	1.5.1	BSD-2-Clause
dotenv	8.2.0	BSD-2-Clause
dotenv-expand	5.1.0	BSD-2-Clause
entities	1.1.2	BSD-2-Clause
entities	2.0.0	BSD-2-Clause
escodegen	1.14.1	BSD-2-Clause
eslint-scope	5.0.0	BSD-2-Clause
eslint-scope	4.0.3	BSD-2-Clause
espree	6.2.1	BSD-2-Clause
esprima	4.0.1	BSD-2-Clause
esprima	2.7.3	BSD-2-Clause
esrecurse	4.2.1	BSD-2-Clause
estraverse	4.3.0	BSD-2-Clause
esutils	2.0.3	BSD-2-Clause
extract-zip	1.6.7	BSD-2-Clause
glob-to-regexp	0.4.1	BSD-2-Clause
mississippi	3.0.0	BSD-2-Clause
normalize-package-data	2.5.0	BSD-2-Clause
nth-check	1.0.2	BSD-2-Clause
regjsparser	0.6.4	BSD-2-Clause
stringify-object	3.3.0	BSD-2-Clause
terser	4.6.6	BSD-2-Clause
uri-js	4.2.2	BSD-2-Clause
webidl-conversions	4.0.2	BSD-2-Clause
@webassemblyjs/helper-fsm	1.8.5	ISC
anymatch	2.0.0	ISC
anymatch	3.1.1	ISC
aproba	1.2.0	ISC
ast-types-flow	0.0.7	ISC
boolbase	1.0.0	ISC
browserify-sign	4.0.4	ISC
cacache	13.0.1	ISC
cacache	12.0.3	ISC
capture-exit	2.0.0	ISC
chownr	1.1.4	ISC
cli-width	2.2.0	ISC
cliui	4.1.0	ISC
cliui	5.0.0	ISC
cliui	6.0.0	ISC
copy-concurrently	1.0.5	ISC
css-initials	0.3.1	ISC
d	1.0.1	ISC
d3-delaunay	5.2.1	ISC
delaunator	4.0.1	ISC
detect-node	2.0.4	ISC
electron-to-chromium	1.3.376	ISC
es5-ext	0.10.53	ISC
es6-symbol	3.1.3	ISC
ext	1.4.0	ISC
figgy-pudding	3.5.1	ISC
flatted	2.0.1	ISC
fs-minipass	2.1.0	ISC
fs-write-stream-atomic	1.0.10	ISC
fs.realpath	1.0.0	ISC
get-caller-file	1.0.3	ISC
get-caller-file	2.0.5	ISC
get-own-enumerable-property-symbols	3.0.2	ISC
github-slugger	1.3.0	ISC
glob	7.1.6	ISC
glob-parent	5.1.0	ISC
glob-parent	3.1.0	ISC
graceful-fs	4.2.3	ISC
har-schema	2.0.0	ISC
hosted-git-info	2.8.8	ISC
icss-utils	4.1.1	ISC
infer-owner	1.0.4	ISC
inflight	1.0.6	ISC
inherits	2.0.4	ISC
inherits	2.0.3	ISC
inherits	2.0.1	ISC
ini	1.3.5	ISC
is-resolvable	1.1.0	ISC
isexe	2.0.0	ISC
json-stringify-safe	5.0.1	ISC
killable	1.0.1	ISC
lru-cache	5.1.1	ISC
minimalistic-assert	1.0.1	ISC
minimatch	3.0.4	ISC
minipass	3.1.1	ISC
minipass-collect	1.0.2	ISC
minipass-flush	1.0.5	ISC
minipass-pipeline	1.2.2	ISC
move-concurrently	1.0.1	ISC
mute-stream	0.0.8	ISC
mute-stream	0.0.7	ISC
once	1.4.0	ISC
parse-asn1	5.1.5	ISC
postcss-color-gray	5.0.0	ISC
postcss-modules-extract-imports	2.0.0	ISC
postcss-modules-scope	2.1.1	ISC
postcss-modules-values	3.0.0	ISC
promise-inflight	1.0.1	ISC
remove-trailing-separator	1.1.0	ISC
request-promise-core	1.1.3	ISC
request-promise-native	1.0.8	ISC
require-main-filename	1.0.1	ISC
require-main-filename	2.0.0	ISC
rimraf	2.7.1	ISC
rimraf	2.6.3	ISC
run-queue	1.0.3	ISC
sax	1.2.4	ISC
saxes	3.1.11	ISC
semver	6.3.0	ISC
semver	5.7.1	ISC
semver	7.0.0	ISC
semver	7.1.3	ISC
set-blocking	2.0.0	ISC
setprototypeof	1.1.1	ISC
setprototypeof	1.1.0	ISC
signal-exit	3.0.2	ISC
ssri	7.1.0	ISC
ssri	6.0.1	ISC
stealthy-require	1.1.1	ISC
test-exclude	5.2.3	ISC
topojson-client	3.1.0	ISC
type	1.2.0	ISC
type	2.0.0	ISC
unique-filename	1.1.1	ISC
unique-slug	2.0.2	ISC
which	1.3.1	ISC
which	2.0.2	ISC
which-module	2.0.0	ISC
wrappy	1.0.2	ISC
write-file-atomic	2.4.1	ISC
y18n	4.0.0	ISC
yallist	3.1.1	ISC
yallist	4.0.0	ISC
yaml	1.8.2	ISC
yargs-parser	11.1.1	ISC
yargs-parser	13.1.1	ISC
yargs-parser	18.1.0	ISC
atob	2.1.2	(MIT OR Apache-2.0)
caniuse-lite	1.0.30001035	CC-BY-4.0
colors	0.6.2	UNKNOWN
glob-to-regexp	0.3.0	BSD
harmony-reflect	1.6.1	(Apache-2.0 OR MPL-1.1)
json-schema	0.2.3	BSD*
jsonify	0.0.0	Public Domain
left-pad	1.3.0	WTFPL
node-forge	0.9.0	(BSD-3-Clause OR GPL-2.0)
pako	1.0.11	(MIT AND Zlib)
path-is-inside	1.0.2	(WTFPL OR MIT)
sha.js	2.4.11	(MIT AND BSD-3-Clause)
spdx-exceptions	2.2.0	CC-BY-3.0
tweetnacl	0.14.5	Unlicense
type-fest	0.8.1	(MIT OR CC0-1.0)
type-fest	0.11.0	(MIT OR CC0-1.0)
threejs	r156	MIT